time,humidity,temperature
2023/10/09 21:09:00,70,26.399999999999995
2023/10/09 21:10:00,70,26.399999999999995
2023/10/09 21:11:00,70,26.399999999999995
2023/10/09 21:12:00,69.66666666666667,26.366666666666664
2023/10/09 21:13:00,69,26.3
2023/10/09 21:14:00,69,26.266666666666666
2023/10/09 21:15:00,68,26.2
2023/10/09 21:16:00,68,26.133333333333336
2023/10/09 21:17:00,68,26.100000000000005
2023/10/09 21:18:00,67.33333333333333,26.100000000000005
2023/10/09 21:19:00,67,26.133333333333336
2023/10/09 21:20:00,67,26.166666666666668
2023/10/09 21:21:00,66,26.2
2023/10/09 21:22:00,66,26.2
2023/10/09 21:23:00,65.33333333333333,26.3
2023/10/09 21:24:00,65,26.333333333333332
2023/10/09 21:25:00,64.66666666666667,26.399999999999995
2023/10/09 21:26:00,64,26.399999999999995
2023/10/09 21:27:00,64,26.433333333333334
2023/10/09 21:28:00,63.333333333333336,26.5
2023/10/09 21:29:00,63,26.5
2023/10/09 21:30:00,62.333333333333336,26.5
2023/10/09 21:31:00,62,26.5
2023/10/09 21:32:00,62,26.433333333333334
2023/10/09 21:33:00,62,26.399999999999995
2023/10/09 21:34:00,61,26.399999999999995
2023/10/09 21:35:00,61,26.399999999999995
2023/10/09 21:36:00,61,26.399999999999995
2023/10/09 21:37:00,61,26.399999999999995
2023/10/09 21:38:00,60.666666666666664,26.399999999999995
2023/10/09 21:39:00,60,26.399999999999995
2023/10/09 21:40:00,60,26.433333333333334
2023/10/09 21:41:00,60,26.433333333333334
2023/10/09 21:42:00,59.333333333333336,26.5
2023/10/09 21:43:00,59,26.5
2023/10/09 21:44:00,59,26.5
2023/10/09 21:45:00,58.666666666666664,26.5
2023/10/09 21:46:00,58,26.5
2023/10/09 21:47:00,58,26.5
2023/10/09 21:48:00,58,26.5
2023/10/09 21:49:00,57,26.5
2023/10/09 21:50:00,57,26.399999999999995
2023/10/09 21:51:00,57,26.399999999999995
2023/10/09 21:52:00,57,26.333333333333332
2023/10/09 21:53:00,57,26.3
2023/10/09 21:54:00,57,26.3
2023/10/09 21:55:00,57,26.266666666666666
2023/10/09 21:56:00,57,26.233333333333334
2023/10/09 21:57:00,56.333333333333336,26.266666666666666
2023/10/09 21:58:00,56,26.266666666666666
2023/10/09 21:59:00,56,26.3
2023/10/09 22:00:00,56,26.3
2023/10/09 22:01:00,55.666666666666664,26.399999999999995
2023/10/09 22:02:00,55,26.366666666666664
2023/10/09 22:03:00,55,26.366666666666664
2023/10/09 22:04:00,55,26.399999999999995
2023/10/09 22:05:00,55,26.46666666666667
2023/10/09 22:06:00,54.333333333333336,26.5
2023/10/09 22:07:00,54,26.5
2023/10/09 22:08:00,54,26.5
2023/10/09 22:09:00,54,26.5
2023/10/09 22:10:00,53.666666666666664,26.600000000000005
2023/10/09 22:11:00,53,26.633333333333336
2023/10/09 22:12:00,53,26.633333333333336
2023/10/09 22:13:00,53,26.599999999999998
2023/10/09 22:14:00,53,26.5
2023/10/09 22:15:00,53,26.5
2023/10/09 22:16:00,53,26.46666666666667
2023/10/09 22:17:00,52.666666666666664,26.399999999999995
2023/10/09 22:18:00,52,26.399999999999995
2023/10/09 22:19:00,52,26.399999999999995
2023/10/09 22:20:00,52,26.366666666666664
2023/10/09 22:21:00,52,26.399999999999995
2023/10/09 22:22:00,52,26.366666666666664
2023/10/09 22:23:00,52,26.399999999999995
2023/10/09 22:24:00,52,26.399999999999995
2023/10/09 22:25:00,51.333333333333336,26.433333333333334
2023/10/09 22:26:00,51,26.5
2023/10/09 22:27:00,51,26.5
2023/10/09 22:28:00,51,26.5
2023/10/09 22:29:00,51,26.5
2023/10/09 22:30:00,50.666666666666664,26.5
2023/10/09 22:31:00,50,26.566666666666666
2023/10/09 22:32:00,50,26.600000000000005
2023/10/09 22:33:00,50,26.7
2023/10/09 22:34:00,50,26.7
2023/10/09 22:35:00,50,26.7
2023/10/09 22:36:00,49.666666666666664,26.7
2023/10/09 22:37:00,49,26.7
2023/10/09 22:38:00,49,26.7
2023/10/09 22:39:00,49,26.633333333333336
2023/10/09 22:40:00,49,26.5
2023/10/09 22:41:00,49,26.5
2023/10/09 22:42:00,49,26.46666666666667
2023/10/09 22:43:00,49,26.433333333333334
2023/10/09 22:44:00,49,26.399999999999995
2023/10/09 22:45:00,49,26.366666666666664
2023/10/09 22:46:00,49,26.399999999999995
2023/10/09 22:47:00,49,26.399999999999995
2023/10/09 22:48:00,48.333333333333336,26.399999999999995
2023/10/09 22:49:00,48,26.399999999999995
2023/10/09 22:50:00,48,26.399999999999995
2023/10/09 22:51:00,48,26.5
2023/10/09 22:52:00,48,26.5
2023/10/09 22:53:00,48,26.5
2023/10/09 22:54:00,48,26.5
2023/10/09 22:55:00,48,26.5
2023/10/09 22:56:00,47,26.566666666666666
2023/10/09 22:57:00,47,26.600000000000005
2023/10/09 22:58:00,47,26.600000000000005
2023/10/09 22:59:00,47,26.633333333333336
2023/10/09 23:00:00,47,26.7
2023/10/09 23:01:00,47,26.7
2023/10/09 23:02:00,46.333333333333336,26.7
2023/10/09 23:03:00,46,26.7
2023/10/09 23:04:00,46,26.7
2023/10/09 23:05:00,46,26.666666666666668
2023/10/09 23:06:00,46,26.600000000000005
2023/10/09 23:07:00,46,26.5
2023/10/09 23:08:00,46,26.5
2023/10/09 23:09:00,46,26.5
2023/10/09 23:10:00,46,26.5
2023/10/09 23:11:00,46,26.5
2023/10/09 23:12:00,46,26.433333333333334
2023/10/09 23:13:00,46,26.5
2023/10/09 23:14:00,46,26.5
2023/10/09 23:15:00,46,26.5
2023/10/09 23:16:00,45.666666666666664,26.5
2023/10/09 23:17:00,46,26.5
2023/10/09 23:18:00,45,26.5
2023/10/09 23:19:00,45,26.5
2023/10/09 23:20:00,45,26.5
2023/10/09 23:21:00,45,26.566666666666666
2023/10/09 23:22:00,45,26.600000000000005
2023/10/09 23:23:00,45,26.600000000000005
2023/10/09 23:24:00,45,26.666666666666668
2023/10/09 23:25:00,44.666666666666664,26.7
2023/10/09 23:26:00,44.666666666666664,26.7
2023/10/09 23:27:00,44,26.7
2023/10/09 23:28:00,44,26.766666666666666
2023/10/09 23:29:00,44.333333333333336,26.8
2023/10/09 23:30:00,45,26.766666666666666
2023/10/09 23:31:00,45,26.766666666666666
2023/10/09 23:32:00,45.333333333333336,26.7
2023/10/09 23:33:00,45,26.7
2023/10/09 23:34:00,45,26.600000000000005
2023/10/09 23:35:00,45,26.5
2023/10/09 23:36:00,45,26.5
2023/10/09 23:37:00,45,26.433333333333334
2023/10/09 23:38:00,45,26.399999999999995
2023/10/09 23:39:00,45,26.399999999999995
2023/10/09 23:40:00,45,26.399999999999995
2023/10/09 23:41:00,45,26.399999999999995
2023/10/09 23:42:00,45,26.366666666666664
2023/10/09 23:43:00,45,26.46666666666667
2023/10/09 23:44:00,45,26.5
2023/10/09 23:45:00,45,26.5
2023/10/09 23:46:00,44,26.5
2023/10/09 23:47:00,44,26.5
2023/10/09 23:48:00,44.333333333333336,26.53333333333333
2023/10/09 23:49:00,45,26.633333333333336
2023/10/09 23:50:00,45,26.666666666666668
2023/10/09 23:51:00,45,26.733333333333334
2023/10/09 23:52:00,45,26.7
2023/10/09 23:53:00,45,26.7
2023/10/09 23:54:00,45,26.666666666666668
2023/10/09 23:55:00,45,26.666666666666668
2023/10/09 23:56:00,45,26.53333333333333
2023/10/09 23:57:00,45,26.46666666666667
2023/10/09 23:58:00,45,26.399999999999995
2023/10/09 23:59:00,45,26.366666666666664
2023/10/10 00:00:00,45,26.3
2023/10/10 00:01:00,45,26.266666666666666
2023/10/10 00:02:00,45,26.233333333333334
2023/10/10 00:03:00,44.666666666666664,26.3
2023/10/10 00:04:00,44.333333333333336,26.3
2023/10/10 00:05:00,45,26.3
2023/10/10 00:06:00,45,26.399999999999995
2023/10/10 00:07:00,45,26.46666666666667
2023/10/10 00:08:00,45,26.5
2023/10/10 00:09:00,45,26.5
2023/10/10 00:10:00,45,26.5
2023/10/10 00:11:00,44,26.5
2023/10/10 00:12:00,44,26.53333333333333
2023/10/10 00:13:00,44.333333333333336,26.53333333333333
2023/10/10 00:14:00,45,26.633333333333336
2023/10/10 00:15:00,45,26.599999999999998
2023/10/10 00:16:00,45,26.666666666666668
2023/10/10 00:17:00,45,26.7
2023/10/10 00:18:00,45,26.7
2023/10/10 00:19:00,45,26.733333333333334
2023/10/10 00:20:00,45,26.766666666666666
2023/10/10 00:21:00,44.333333333333336,26.766666666666666
2023/10/10 00:22:00,44,26.8
2023/10/10 00:23:00,44.333333333333336,26.8
2023/10/10 00:24:00,45,26.7
2023/10/10 00:25:00,45,26.7
2023/10/10 00:26:00,45,26.633333333333336
2023/10/10 00:27:00,45,26.666666666666668
2023/10/10 00:28:00,45,26.566666666666666
2023/10/10 00:29:00,45,26.5
2023/10/10 00:30:00,45,26.5
2023/10/10 00:31:00,45,26.5
2023/10/10 00:32:00,45,26.5
2023/10/10 00:33:00,45,26.46666666666667
2023/10/10 00:34:00,45,26.46666666666667
2023/10/10 00:35:00,45,26.5
2023/10/10 00:36:00,45,26.5
2023/10/10 00:37:00,44,26.46666666666667
2023/10/10 00:38:00,44,26.5
2023/10/10 00:39:00,44.333333333333336,26.5
2023/10/10 00:40:00,45,26.600000000000005
2023/10/10 00:41:00,45,26.666666666666668
2023/10/10 00:42:00,45,26.7
2023/10/10 00:43:00,45,26.733333333333334
2023/10/10 00:44:00,45,26.766666666666666
2023/10/10 00:45:00,45,26.8
2023/10/10 00:46:00,45,26.8
2023/10/10 00:47:00,44,26.8
2023/10/10 00:48:00,44,26.8
2023/10/10 00:49:00,44,26.8
2023/10/10 00:50:00,44,26.8
2023/10/10 00:51:00,44,26.899999999999995
2023/10/10 00:52:00,44,26.899999999999995
2023/10/10 00:53:00,43.666666666666664,26.899999999999995
2023/10/10 00:54:00,43,26.899999999999995
2023/10/10 00:55:00,43,26.866666666666664
2023/10/10 00:56:00,43,26.8
2023/10/10 00:57:00,43.333333333333336,26.8
2023/10/10 00:58:00,44,26.8
2023/10/10 00:59:00,44,26.733333333333334
2023/10/10 01:00:00,44.666666666666664,26.8
2023/10/10 01:01:00,45,26.8
2023/10/10 01:02:00,45,26.8
2023/10/10 01:03:00,45,26.8
2023/10/10 01:04:00,45.333333333333336,26.733333333333334
2023/10/10 01:05:00,45.333333333333336,26.7
2023/10/10 01:06:00,45,26.7
2023/10/10 01:07:00,45,26.633333333333336
2023/10/10 01:08:00,45,26.600000000000005
2023/10/10 01:09:00,45,26.600000000000005
2023/10/10 01:10:00,45,26.53333333333333
2023/10/10 01:11:00,45,26.600000000000005
2023/10/10 01:12:00,45,26.633333333333336
2023/10/10 01:13:00,45,26.600000000000005
2023/10/10 01:14:00,44.666666666666664,26.633333333333336
2023/10/10 01:15:00,44,26.666666666666668
2023/10/10 01:16:00,44,26.7
2023/10/10 01:17:00,44,26.766666666666666
2023/10/10 01:18:00,45,26.8
2023/10/10 01:19:00,45,26.833333333333332
2023/10/10 01:20:00,45,26.899999999999995
2023/10/10 01:21:00,45,27
2023/10/10 01:22:00,45,27
2023/10/10 01:23:00,45,27
2023/10/10 01:24:00,45,27
2023/10/10 01:25:00,45,27
2023/10/10 01:26:00,44.666666666666664,27
2023/10/10 01:27:00,44,27
2023/10/10 01:28:00,44,26.933333333333334
2023/10/10 01:29:00,44,26.833333333333332
2023/10/10 01:30:00,44,26.8
2023/10/10 01:31:00,44,26.7
2023/10/10 01:32:00,44,26.7
2023/10/10 01:33:00,44.333333333333336,26.633333333333336
2023/10/10 01:34:00,45,26.666666666666668
2023/10/10 01:35:00,45,26.7
2023/10/10 01:36:00,45,26.7
2023/10/10 01:37:00,46,26.766666666666666
2023/10/10 01:38:00,46,26.8
2023/10/10 01:39:00,46,26.8
2023/10/10 01:40:00,46,26.8
2023/10/10 01:41:00,46,26.8
2023/10/10 01:42:00,47,26.8
2023/10/10 01:43:00,47,26.8
2023/10/10 01:44:00,47,26.8
2023/10/10 01:45:00,47,26.8
2023/10/10 01:46:00,47.666666666666664,26.8
2023/10/10 01:47:00,47,26.8
2023/10/10 01:48:00,47,26.8
2023/10/10 01:49:00,47,26.8
2023/10/10 01:50:00,47,26.8
2023/10/10 01:51:00,47,26.8
2023/10/10 01:52:00,47,26.8
2023/10/10 01:53:00,46,26.8
2023/10/10 01:54:00,46,26.8
2023/10/10 01:55:00,46,26.8
2023/10/10 01:56:00,46,26.866666666666664
2023/10/10 01:57:00,46,26.899999999999995
2023/10/10 01:58:00,45,26.96666666666667
2023/10/10 01:59:00,45,27
2023/10/10 02:00:00,45,27
2023/10/10 02:01:00,45,27
2023/10/10 02:02:00,44,27
2023/10/10 02:03:00,44,27
2023/10/10 02:04:00,44,27
2023/10/10 02:05:00,44.666666666666664,27
2023/10/10 02:06:00,45,26.933333333333334
2023/10/10 02:07:00,45.333333333333336,27
2023/10/10 02:08:00,46,26.96666666666667
2023/10/10 02:09:00,46,27
2023/10/10 02:10:00,46,27
2023/10/10 02:11:00,46,26.96666666666667
2023/10/10 02:12:00,47,26.96666666666667
2023/10/10 02:13:00,46.666666666666664,26.899999999999995
2023/10/10 02:14:00,46,26.899999999999995
2023/10/10 02:15:00,46,26.8
2023/10/10 02:16:00,46,26.8
2023/10/10 02:17:00,46,26.8
2023/10/10 02:18:00,46,26.8
2023/10/10 02:19:00,46,26.8
2023/10/10 02:20:00,46,26.8
2023/10/10 02:21:00,45,26.833333333333332
2023/10/10 02:22:00,45,26.833333333333332
2023/10/10 02:23:00,45,26.899999999999995
2023/10/10 02:24:00,45,26.899999999999995
2023/10/10 02:25:00,45,27
2023/10/10 02:26:00,45,26.96666666666667
2023/10/10 02:27:00,44,27
2023/10/10 02:28:00,44,27
2023/10/10 02:29:00,44.333333333333336,27.066666666666666
2023/10/10 02:30:00,45,27.100000000000005
2023/10/10 02:31:00,45,27.166666666666668
2023/10/10 02:32:00,45,27.166666666666668
2023/10/10 02:33:00,45.666666666666664,27.2
2023/10/10 02:34:00,46,27.166666666666668
2023/10/10 02:35:00,46,27.100000000000005
2023/10/10 02:36:00,46,27.133333333333336
2023/10/10 02:37:00,46,27.100000000000005
2023/10/10 02:38:00,47,27.03333333333333
2023/10/10 02:39:00,47,27
2023/10/10 02:40:00,47,27
2023/10/10 02:41:00,47,26.96666666666667
2023/10/10 02:42:00,47,26.899999999999995
2023/10/10 02:43:00,47,26.866666666666664
2023/10/10 02:44:00,47,26.8
2023/10/10 02:45:00,47,26.8
2023/10/10 02:46:00,47,26.8
2023/10/10 02:47:00,47,26.8
2023/10/10 02:48:00,47,26.766666666666666
2023/10/10 02:49:00,47,26.8
2023/10/10 02:50:00,47,26.766666666666666
2023/10/10 02:51:00,46,26.8
2023/10/10 02:52:00,46,26.8
2023/10/10 02:53:00,46,26.866666666666664
2023/10/10 02:54:00,46,26.899999999999995
2023/10/10 02:55:00,46,26.899999999999995
2023/10/10 02:56:00,45,27
2023/10/10 02:57:00,45,26.96666666666667
2023/10/10 02:58:00,45,27
2023/10/10 02:59:00,45,27.03333333333333
2023/10/10 03:00:00,44.666666666666664,27
2023/10/10 03:01:00,45,26.96666666666667
2023/10/10 03:02:00,44,26.899999999999995
2023/10/10 03:03:00,44.666666666666664,26.833333333333332
2023/10/10 03:04:00,45,26.8
2023/10/10 03:05:00,45.666666666666664,26.8
2023/10/10 03:06:00,46,26.8
2023/10/10 03:07:00,46,26.8
2023/10/10 03:08:00,46,26.8
2023/10/10 03:09:00,47,26.8
2023/10/10 03:10:00,47,26.8
2023/10/10 03:11:00,47,26.8
2023/10/10 03:12:00,47,26.7
2023/10/10 03:13:00,47.666666666666664,26.8
2023/10/10 03:14:00,48,26.8
2023/10/10 03:15:00,48,26.8
2023/10/10 03:16:00,48,26.8
2023/10/10 03:17:00,48,26.733333333333334
2023/10/10 03:18:00,48,26.7
2023/10/10 03:19:00,48,26.7
2023/10/10 03:20:00,48,26.7
2023/10/10 03:21:00,48,26.7
2023/10/10 03:22:00,47,26.7
2023/10/10 03:23:00,47,26.7
2023/10/10 03:24:00,47,26.766666666666666
2023/10/10 03:25:00,47,26.8
2023/10/10 03:26:00,47,26.8
2023/10/10 03:27:00,46.333333333333336,26.8
2023/10/10 03:28:00,46,26.8
2023/10/10 03:29:00,46,26.833333333333332
2023/10/10 03:30:00,46,26.833333333333332
2023/10/10 03:31:00,46,26.866666666666664
2023/10/10 03:32:00,45.666666666666664,26.899999999999995
2023/10/10 03:33:00,45,26.933333333333334
2023/10/10 03:34:00,45,26.96666666666667
2023/10/10 03:35:00,45,27
2023/10/10 03:36:00,45,27.066666666666666
2023/10/10 03:37:00,45,27.100000000000005
2023/10/10 03:38:00,44.666666666666664,27.100000000000005
2023/10/10 03:39:00,44,27.100000000000005
2023/10/10 03:40:00,44,27.166666666666668
2023/10/10 03:41:00,44,27.2
2023/10/10 03:42:00,44,27.2
2023/10/10 03:43:00,44,27.2
2023/10/10 03:44:00,44,27.2
2023/10/10 03:45:00,45,27.3
2023/10/10 03:46:00,45,27.266666666666666
2023/10/10 03:47:00,45,27.2
2023/10/10 03:48:00,45.333333333333336,27.2
2023/10/10 03:49:00,46,27.2
2023/10/10 03:50:00,46,27.166666666666668
2023/10/10 03:51:00,46,27.100000000000005
2023/10/10 03:52:00,46,27.066666666666666
2023/10/10 03:53:00,46,27
2023/10/10 03:54:00,46,26.96666666666667
2023/10/10 03:55:00,46,26.933333333333334
2023/10/10 03:56:00,46,26.866666666666664
2023/10/10 03:57:00,45.666666666666664,26.833333333333332
2023/10/10 03:58:00,45,26.833333333333332
2023/10/10 03:59:00,45,26.866666666666664
2023/10/10 04:00:00,45,26.833333333333332
2023/10/10 04:01:00,45,26.833333333333332
2023/10/10 04:02:00,45,26.933333333333334
2023/10/10 04:03:00,45,26.899999999999995
2023/10/10 04:04:00,44.666666666666664,26.899999999999995
2023/10/10 04:05:00,44,26.899999999999995
2023/10/10 04:06:00,44,27
2023/10/10 04:07:00,44,27
2023/10/10 04:08:00,45,27.100000000000005
2023/10/10 04:09:00,45,27.100000000000005
2023/10/10 04:10:00,45,27.100000000000005
2023/10/10 04:11:00,45.333333333333336,27.2
2023/10/10 04:12:00,46,27.2
2023/10/10 04:13:00,46,27.2
2023/10/10 04:14:00,46.333333333333336,27.2
2023/10/10 04:15:00,47,27.2
2023/10/10 04:16:00,47,27.233333333333334
2023/10/10 04:17:00,47,27.266666666666666
2023/10/10 04:18:00,47,27.2
2023/10/10 04:19:00,47,27.2
2023/10/10 04:20:00,47,27.166666666666668
2023/10/10 04:21:00,47,27.100000000000005
2023/10/10 04:22:00,47,27.066666666666666
2023/10/10 04:23:00,47,26.933333333333334
2023/10/10 04:24:00,47,26.866666666666664
2023/10/10 04:25:00,47,26.8
2023/10/10 04:26:00,47,26.8
2023/10/10 04:27:00,47,26.8
2023/10/10 04:28:00,46.666666666666664,26.8
2023/10/10 04:29:00,46,26.8
2023/10/10 04:30:00,46,26.8
2023/10/10 04:31:00,46,26.8
2023/10/10 04:32:00,46,26.8
2023/10/10 04:33:00,46,26.8
2023/10/10 04:34:00,46,26.8
2023/10/10 04:35:00,45,26.8
2023/10/10 04:36:00,45,26.8
2023/10/10 04:37:00,45,26.8
2023/10/10 04:38:00,45,26.866666666666664
2023/10/10 04:39:00,45,26.899999999999995
2023/10/10 04:40:00,45,26.933333333333334
2023/10/10 04:41:00,45,26.933333333333334
2023/10/10 04:42:00,44,27
2023/10/10 04:43:00,44,27
2023/10/10 04:44:00,44,27.03333333333333
2023/10/10 04:45:00,44,27.03333333333333
2023/10/10 04:46:00,44,27.100000000000005
2023/10/10 04:47:00,44,27.100000000000005
2023/10/10 04:48:00,44.333333333333336,27.133333333333336
2023/10/10 04:49:00,45,27.2
2023/10/10 04:50:00,45,27.2
2023/10/10 04:51:00,45,27.2
2023/10/10 04:52:00,45.333333333333336,27.233333333333334
2023/10/10 04:53:00,46,27.3
2023/10/10 04:54:00,46,27.3
2023/10/10 04:55:00,46,27.266666666666666
2023/10/10 04:56:00,46.333333333333336,27.2
2023/10/10 04:57:00,47,27.2
2023/10/10 04:58:00,47,27.100000000000005
2023/10/10 04:59:00,46,27.100000000000005
2023/10/10 05:00:00,46,27.03333333333333
2023/10/10 05:01:00,46,26.933333333333334
2023/10/10 05:02:00,46,26.866666666666664
2023/10/10 05:03:00,46,26.8
2023/10/10 05:04:00,46,26.8
2023/10/10 05:05:00,46,26.8
2023/10/10 05:06:00,46,26.8
2023/10/10 05:07:00,46,26.8
2023/10/10 05:08:00,45.666666666666664,26.8
2023/10/10 05:09:00,45.333333333333336,26.8
2023/10/10 05:10:00,45,26.8
2023/10/10 05:11:00,45,26.8
2023/10/10 05:12:00,45,26.8
2023/10/10 05:13:00,45,26.899999999999995
2023/10/10 05:14:00,45,26.899999999999995
2023/10/10 05:15:00,44.666666666666664,26.899999999999995
2023/10/10 05:16:00,44.333333333333336,26.933333333333334
2023/10/10 05:17:00,44,26.96666666666667
2023/10/10 05:18:00,44,27
2023/10/10 05:19:00,44.666666666666664,27.03333333333333
2023/10/10 05:20:00,45,27.066666666666666
2023/10/10 05:21:00,45,27.100000000000005
2023/10/10 05:22:00,45,27.166666666666668
2023/10/10 05:23:00,45.666666666666664,27.166666666666668
2023/10/10 05:24:00,46,27.2
2023/10/10 05:25:00,46,27.2
2023/10/10 05:26:00,46,27.2
2023/10/10 05:27:00,46,27.2
2023/10/10 05:28:00,46,27.2
2023/10/10 05:29:00,45.666666666666664,27.2
2023/10/10 05:30:00,45.333333333333336,27.2
2023/10/10 05:31:00,45,27.2
2023/10/10 05:32:00,45,27.2
2023/10/10 05:33:00,45,27.166666666666668
2023/10/10 05:34:00,45,27.100000000000005
2023/10/10 05:35:00,45,27.100000000000005
2023/10/10 05:36:00,45,27.066666666666666
2023/10/10 05:37:00,45,27
2023/10/10 05:38:00,44.666666666666664,26.96666666666667
2023/10/10 05:39:00,44.333333333333336,26.899999999999995
2023/10/10 05:40:00,44,26.899999999999995
2023/10/10 05:41:00,44.666666666666664,26.899999999999995
2023/10/10 05:42:00,45,26.933333333333334
2023/10/10 05:43:00,45,27
2023/10/10 05:44:00,45.333333333333336,27.03333333333333
2023/10/10 05:45:00,46,27.03333333333333
2023/10/10 05:46:00,46,27.066666666666666
2023/10/10 05:47:00,46,27.066666666666666
2023/10/10 05:48:00,46,27.100000000000005
2023/10/10 05:49:00,46,27.100000000000005
2023/10/10 05:50:00,46,27.03333333333333
2023/10/10 05:51:00,46,27
2023/10/10 05:52:00,46,27
2023/10/10 05:53:00,46,27
2023/10/10 05:54:00,46,27
2023/10/10 05:55:00,45.666666666666664,26.96666666666667
2023/10/10 05:56:00,45,27
2023/10/10 05:57:00,45,27
2023/10/10 05:58:00,45,27
2023/10/10 05:59:00,45,27.03333333333333
2023/10/10 06:00:00,45,27.03333333333333
2023/10/10 06:01:00,45,27.100000000000005
2023/10/10 06:02:00,44,27.066666666666666
2023/10/10 06:03:00,44,27.100000000000005
2023/10/10 06:04:00,44,27.100000000000005
2023/10/10 06:05:00,44,27.100000000000005
2023/10/10 06:06:00,44,27.133333333333336
2023/10/10 06:07:00,44,27.233333333333334
2023/10/10 06:08:00,45,27.266666666666666
2023/10/10 06:09:00,45,27.3
2023/10/10 06:10:00,45,27.3
2023/10/10 06:11:00,45.333333333333336,27.366666666666664
2023/10/10 06:12:00,45.666666666666664,27.366666666666664
2023/10/10 06:13:00,46,27.399999999999995
2023/10/10 06:14:00,46,27.399999999999995
2023/10/10 06:15:00,45,27.366666666666664
2023/10/10 06:16:00,45,27.3
2023/10/10 06:17:00,45,27.3
2023/10/10 06:18:00,45,27.2
2023/10/10 06:19:00,45,27.100000000000005
2023/10/10 06:20:00,45,27.100000000000005
2023/10/10 06:21:00,45,27.066666666666666
2023/10/10 06:22:00,45,27.066666666666666
2023/10/10 06:23:00,45,27
2023/10/10 06:24:00,45,27.03333333333333
2023/10/10 06:25:00,44.666666666666664,27.03333333333333
2023/10/10 06:26:00,44.333333333333336,27
2023/10/10 06:27:00,44,27
2023/10/10 06:28:00,44,27.03333333333333
2023/10/10 06:29:00,44,27
2023/10/10 06:30:00,44,27
2023/10/10 06:31:00,44,27
2023/10/10 06:32:00,44.666666666666664,27.03333333333333
2023/10/10 06:33:00,45,27.100000000000005
2023/10/10 06:34:00,45,27.100000000000005
2023/10/10 06:35:00,45.333333333333336,27.100000000000005
2023/10/10 06:36:00,45.666666666666664,27.100000000000005
2023/10/10 06:37:00,46,27.133333333333336
2023/10/10 06:38:00,46,27.100000000000005
2023/10/10 06:39:00,46,27.133333333333336
2023/10/10 06:40:00,46,27.166666666666668
2023/10/10 06:41:00,46,27.100000000000005
2023/10/10 06:42:00,45.666666666666664,27.100000000000005
2023/10/10 06:43:00,45,27.100000000000005
2023/10/10 06:44:00,45,27.100000000000005
2023/10/10 06:45:00,45,27.133333333333336
2023/10/10 06:46:00,45,27.166666666666668
2023/10/10 06:47:00,45,27.2
2023/10/10 06:48:00,44.666666666666664,27.2
2023/10/10 06:49:00,44,27.3
2023/10/10 06:50:00,44,27.3
2023/10/10 06:51:00,44,27.3
2023/10/10 06:52:00,44,27.266666666666666
2023/10/10 06:53:00,44,27.2
2023/10/10 06:54:00,44,27.100000000000005
2023/10/10 06:55:00,44,27.100000000000005
2023/10/10 06:56:00,44.333333333333336,27.100000000000005
2023/10/10 06:57:00,45,27.100000000000005
2023/10/10 06:58:00,45,27.100000000000005
2023/10/10 06:59:00,45,27.100000000000005
2023/10/10 07:00:00,46,27.100000000000005
2023/10/10 07:01:00,46,27.100000000000005
2023/10/10 07:02:00,46,27.100000000000005
2023/10/10 07:03:00,46,27.100000000000005
2023/10/10 07:04:00,46,27
2023/10/10 07:05:00,46,27.03333333333333
2023/10/10 07:06:00,46,27
2023/10/10 07:07:00,45.333333333333336,27
2023/10/10 07:08:00,45,27
2023/10/10 07:09:00,45,27
2023/10/10 07:10:00,45,27
2023/10/10 07:11:00,45,27
2023/10/10 07:12:00,45,27
2023/10/10 07:13:00,45,27
2023/10/10 07:14:00,44.333333333333336,27
2023/10/10 07:15:00,44,27
2023/10/10 07:16:00,44,27.03333333333333
2023/10/10 07:17:00,44,27.066666666666666
2023/10/10 07:18:00,44,27.100000000000005
2023/10/10 07:19:00,44,27.100000000000005
2023/10/10 07:20:00,44,27.100000000000005
2023/10/10 07:21:00,43.333333333333336,27.166666666666668
2023/10/10 07:22:00,43,27.133333333333336
2023/10/10 07:23:00,43,27.2
2023/10/10 07:24:00,44,27.233333333333334
2023/10/10 07:25:00,44,27.266666666666666
2023/10/10 07:26:00,44,27.366666666666664
2023/10/10 07:27:00,44,27.399999999999995
2023/10/10 07:28:00,44.666666666666664,27.400000000000002
2023/10/10 07:29:00,45,27.46666666666667
2023/10/10 07:30:00,45,27.5
2023/10/10 07:31:00,45.666666666666664,27.5
2023/10/10 07:32:00,46,27.399999999999995
2023/10/10 07:33:00,46,27.366666666666664
2023/10/10 07:34:00,46,27.3
2023/10/10 07:35:00,46,27.3
2023/10/10 07:36:00,46.666666666666664,27.233333333333334
2023/10/10 07:37:00,47,27.133333333333336
2023/10/10 07:38:00,47,27.100000000000005
2023/10/10 07:39:00,47,27.066666666666666
2023/10/10 07:40:00,47,27
2023/10/10 07:41:00,47,27
2023/10/10 07:42:00,47,27
2023/10/10 07:43:00,46.666666666666664,26.933333333333334
2023/10/10 07:44:00,46,27
2023/10/10 07:45:00,46,26.933333333333334
2023/10/10 07:46:00,46,26.933333333333334
2023/10/10 07:47:00,46,27
2023/10/10 07:48:00,46,27
2023/10/10 07:49:00,46,27
2023/10/10 07:50:00,45.333333333333336,27
2023/10/10 07:51:00,45,27
2023/10/10 07:52:00,45,27
2023/10/10 07:53:00,45,27
2023/10/10 07:54:00,45,27
2023/10/10 07:55:00,45,27.100000000000005
2023/10/10 07:56:00,44.666666666666664,27.100000000000005
2023/10/10 07:57:00,44.666666666666664,27.066666666666666
2023/10/10 07:58:00,44,27.100000000000005
2023/10/10 07:59:00,44,27.100000000000005
2023/10/10 08:00:00,44,27.166666666666668
2023/10/10 08:01:00,44,27.2
2023/10/10 08:02:00,44,27.2
2023/10/10 08:03:00,43.666666666666664,27.100000000000005
2023/10/10 08:04:00,43.666666666666664,27.03333333333333
2023/10/10 08:05:00,44,27.066666666666666
2023/10/10 08:06:00,44.666666666666664,27
2023/10/10 08:07:00,45,27
2023/10/10 08:08:00,45,27
2023/10/10 08:09:00,45.333333333333336,26.96666666666667
2023/10/10 08:10:00,46,26.96666666666667
2023/10/10 08:11:00,46,26.899999999999995
2023/10/10 08:12:00,46,26.866666666666664
2023/10/10 08:13:00,46,26.8
2023/10/10 08:14:00,46,26.8
2023/10/10 08:15:00,46,26.766666666666666
2023/10/10 08:16:00,46,26.7
2023/10/10 08:17:00,46,26.7
2023/10/10 08:18:00,45,26.7
2023/10/10 08:19:00,45.333333333333336,26.7
2023/10/10 08:20:00,45,26.7
2023/10/10 08:21:00,45,26.766666666666666
2023/10/10 08:22:00,45,26.8
2023/10/10 08:23:00,45,26.8
2023/10/10 08:24:00,44.666666666666664,26.866666666666664
2023/10/10 08:25:00,44,26.899999999999995
2023/10/10 08:26:00,44,26.899999999999995
2023/10/10 08:27:00,44,26.96666666666667
2023/10/10 08:28:00,44.666666666666664,27
2023/10/10 08:29:00,45,27
2023/10/10 08:30:00,45,27.03333333333333
2023/10/10 08:31:00,45,27.066666666666666
2023/10/10 08:32:00,45.666666666666664,27.100000000000005
2023/10/10 08:33:00,46,27.066666666666666
2023/10/10 08:34:00,46,27.100000000000005
2023/10/10 08:35:00,46,27.100000000000005
2023/10/10 08:36:00,46,27.03333333333333
2023/10/10 08:37:00,45.666666666666664,27
2023/10/10 08:38:00,45,26.899999999999995
2023/10/10 08:39:00,45.333333333333336,26.766666666666666
2023/10/10 08:40:00,45,26.7
2023/10/10 08:41:00,45,26.7
2023/10/10 08:42:00,45.333333333333336,26.7
2023/10/10 08:43:00,45,26.666666666666668
2023/10/10 08:44:00,45,26.666666666666668
2023/10/10 08:45:00,45,26.7
2023/10/10 08:46:00,45,26.7
2023/10/10 08:47:00,45,26.7
2023/10/10 08:48:00,45,26.7
2023/10/10 08:49:00,44.666666666666664,26.7
2023/10/10 08:50:00,44,26.7
2023/10/10 08:51:00,44,26.8
2023/10/10 08:52:00,45,26.833333333333332
2023/10/10 08:53:00,45,26.933333333333334
2023/10/10 08:54:00,45,27
2023/10/10 08:55:00,45,27
2023/10/10 08:56:00,46,27
2023/10/10 08:57:00,46,27
2023/10/10 08:58:00,46,27
2023/10/10 08:59:00,46,27
2023/10/10 09:00:00,46,26.933333333333334
2023/10/10 09:01:00,46.333333333333336,26.833333333333332
2023/10/10 09:02:00,46,26.666666666666668
2023/10/10 09:03:00,46,26.5
2023/10/10 09:04:00,46,26.366666666666664
2023/10/10 09:05:00,46,26.233333333333334
2023/10/10 09:06:00,46.333333333333336,26.133333333333336
2023/10/10 09:07:00,47,26.100000000000005
2023/10/10 09:08:00,46.666666666666664,26.03333333333333
2023/10/10 09:09:00,46,26
2023/10/10 09:10:00,46,26.066666666666666
2023/10/10 09:11:00,46,26.100000000000005
2023/10/10 09:12:00,46,26.066666666666666
2023/10/10 09:13:00,46,26.100000000000005
2023/10/10 09:14:00,45.666666666666664,26.100000000000005
2023/10/10 09:15:00,45,26.100000000000005
2023/10/10 09:16:00,45,26.03333333333333
2023/10/10 09:17:00,45,26
2023/10/10 09:18:00,45,26
2023/10/10 09:19:00,44.666666666666664,25.96666666666667
2023/10/10 09:20:00,44.333333333333336,25.933333333333334
2023/10/10 09:21:00,44.333333333333336,25.933333333333334
2023/10/10 09:22:00,44.666666666666664,25.96666666666667
2023/10/10 09:23:00,45,26
2023/10/10 09:24:00,45,26
2023/10/10 09:25:00,44.333333333333336,26.03333333333333
2023/10/10 09:26:00,44,26.066666666666666
2023/10/10 09:27:00,44,26.100000000000005
2023/10/10 09:28:00,44,26.2
2023/10/10 09:29:00,44,26.2
2023/10/10 09:30:00,44,26.3
2023/10/10 09:31:00,44.666666666666664,26.399999999999995
2023/10/10 09:32:00,45,26.366666666666664
2023/10/10 09:33:00,45,26.46666666666667
2023/10/10 09:34:00,45,26.5
2023/10/10 09:35:00,45,26.600000000000005
2023/10/10 09:36:00,45,26.599999999999998
2023/10/10 09:37:00,45,26.599999999999998
2023/10/10 09:38:00,45,26.7
2023/10/10 09:39:00,45,26.666666666666668
2023/10/10 09:40:00,45,26.666666666666668
2023/10/10 09:41:00,45,26.633333333333336
2023/10/10 09:42:00,44.666666666666664,26.7
2023/10/10 09:43:00,44,26.7
2023/10/10 09:44:00,44,26.8
2023/10/10 09:45:00,44,26.8
2023/10/10 09:46:00,44,26.866666666666664
2023/10/10 09:47:00,44,26.899999999999995
2023/10/10 09:48:00,45,27
2023/10/10 09:49:00,45,27
2023/10/10 09:50:00,45,27.066666666666666
2023/10/10 09:51:00,45,27.133333333333336
2023/10/10 09:52:00,45.666666666666664,27.2
2023/10/10 09:53:00,46,27.2
2023/10/10 09:54:00,45.333333333333336,27.2
2023/10/10 09:55:00,45,27.2
2023/10/10 09:56:00,45,27.266666666666666
2023/10/10 09:57:00,45,27.3
2023/10/10 09:58:00,45,27.3
2023/10/10 09:59:00,44.333333333333336,27.3
2023/10/10 10:00:00,44,27.3
2023/10/10 10:01:00,44,27.366666666666664
2023/10/10 10:02:00,44,27.5
2023/10/10 10:03:00,44,27.46666666666667
2023/10/10 10:04:00,44,27.5
2023/10/10 10:05:00,44,27.53333333333333
2023/10/10 10:06:00,44,27.600000000000005
2023/10/10 10:07:00,44.666666666666664,27.600000000000005
2023/10/10 10:08:00,45,27.600000000000005
2023/10/10 10:09:00,45,27.600000000000005
2023/10/10 10:10:00,45.333333333333336,27.7
2023/10/10 10:11:00,45.333333333333336,27.7
2023/10/10 10:12:00,45,27.7
2023/10/10 10:13:00,45,27.733333333333334
2023/10/10 10:14:00,45,27.733333333333334
2023/10/10 10:15:00,45,27.7
2023/10/10 10:16:00,44.333333333333336,27.7
2023/10/10 10:17:00,44,27.8
2023/10/10 10:18:00,44,27.766666666666666
2023/10/10 10:19:00,44,27.8
2023/10/10 10:20:00,44,27.766666666666666
2023/10/10 10:21:00,44,27.8
2023/10/10 10:22:00,44,27.8
2023/10/10 10:23:00,44,27.833333333333332
2023/10/10 10:24:00,45,27.8
2023/10/10 10:25:00,45,27.833333333333332
2023/10/10 10:26:00,45,27.866666666666664
2023/10/10 10:27:00,45.666666666666664,27.866666666666664
2023/10/10 10:28:00,46,27.899999999999995
2023/10/10 10:29:00,46,27.866666666666664
2023/10/10 10:30:00,47,27.900000000000002
2023/10/10 10:31:00,47,27.866666666666664
2023/10/10 10:32:00,47.333333333333336,27.899999999999995
2023/10/10 10:33:00,47.333333333333336,27.933333333333334
2023/10/10 10:34:00,46.333333333333336,27.866666666666664
2023/10/10 10:35:00,46,27.866666666666664
2023/10/10 10:36:00,46,27.866666666666664
2023/10/10 10:37:00,46,27.899999999999995
2023/10/10 10:38:00,46,27.8
2023/10/10 10:39:00,45,27.833333333333332
2023/10/10 10:40:00,45.333333333333336,27.933333333333334
2023/10/10 10:41:00,46,28
2023/10/10 10:42:00,45.666666666666664,27.96666666666667
2023/10/10 10:43:00,45,27.899999999999995
2023/10/10 10:44:00,45.333333333333336,28
2023/10/10 10:45:00,45,28
2023/10/10 10:46:00,45,28.03333333333333
2023/10/10 10:47:00,45,28.03333333333333
2023/10/10 10:48:00,45,28.100000000000005
2023/10/10 10:49:00,45,28.133333333333336
2023/10/10 10:50:00,45,28.100000000000005
2023/10/10 10:51:00,44.333333333333336,28.166666666666668
2023/10/10 10:52:00,44,28.100000000000005
2023/10/10 10:53:00,44,28.2
2023/10/10 10:54:00,44,28.166666666666668
2023/10/10 10:55:00,44,28.2
2023/10/10 10:56:00,44,28.2
2023/10/10 10:57:00,44,28.2
2023/10/10 10:58:00,44,28.2
2023/10/10 10:59:00,44,28.2
2023/10/10 11:00:00,44,28.266666666666666
2023/10/10 11:01:00,44.666666666666664,28.333333333333332
2023/10/10 11:02:00,45,28.399999999999995
2023/10/10 11:03:00,45.333333333333336,28.399999999999995
2023/10/10 11:04:00,46,28.399999999999995
2023/10/10 11:05:00,46,28.399999999999995
2023/10/10 11:06:00,46,28.399999999999995
2023/10/10 11:07:00,46,28.399999999999995
2023/10/10 11:08:00,46,28.399999999999995
2023/10/10 11:09:00,45,28.399999999999995
2023/10/10 11:10:00,45,28.399999999999995
2023/10/10 11:11:00,45,28.399999999999995
2023/10/10 11:12:00,45,28.399999999999995
2023/10/10 11:13:00,45,28.399999999999995
2023/10/10 11:14:00,45,28.399999999999995
2023/10/10 11:15:00,45,28.399999999999995
2023/10/10 11:16:00,45,28.46666666666667
2023/10/10 11:17:00,44.333333333333336,28.5
2023/10/10 11:18:00,44,28.5
2023/10/10 11:19:00,44,28.5
2023/10/10 11:20:00,44,28.53333333333333
2023/10/10 11:21:00,44,28.5
2023/10/10 11:22:00,44.333333333333336,28.53333333333333
2023/10/10 11:23:00,45,28.5
2023/10/10 11:24:00,45,28.5
2023/10/10 11:25:00,45.666666666666664,28.5
2023/10/10 11:26:00,46,28.433333333333334
2023/10/10 11:27:00,46,28.399999999999995
2023/10/10 11:28:00,46,28.3
2023/10/10 11:29:00,46,28.2
2023/10/10 11:30:00,46,28.133333333333336
2023/10/10 11:31:00,46,28.166666666666668
2023/10/10 11:32:00,46,28.03333333333333
2023/10/10 11:33:00,46,28
2023/10/10 11:34:00,45.333333333333336,27.933333333333334
2023/10/10 11:35:00,45,27.866666666666664
2023/10/10 11:36:00,45,27.8
2023/10/10 11:37:00,45,27.733333333333334
2023/10/10 11:38:00,45,27.7
2023/10/10 11:39:00,45,27.600000000000005
2023/10/10 11:40:00,45,27.600000000000005
2023/10/10 11:41:00,44.333333333333336,27.600000000000005
2023/10/10 11:42:00,44,27.600000000000005
2023/10/10 11:43:00,44,27.600000000000005
2023/10/10 11:44:00,44,27.53333333333333
2023/10/10 11:45:00,44.666666666666664,27.53333333333333
2023/10/10 11:46:00,45,27.5
2023/10/10 11:47:00,45,27.5
2023/10/10 11:48:00,45,27.433333333333334
2023/10/10 11:49:00,45,27.3
2023/10/10 11:50:00,46,27.266666666666666
2023/10/10 11:51:00,46,27.2
2023/10/10 11:52:00,46,27.2
2023/10/10 11:53:00,46,27.100000000000005
2023/10/10 11:54:00,46,27.03333333333333
2023/10/10 11:55:00,46,26.900000000000002
2023/10/10 11:56:00,45.666666666666664,26.733333333333334
2023/10/10 11:57:00,45.333333333333336,26.599999999999998
2023/10/10 11:58:00,45.333333333333336,26.399999999999995
2023/10/10 11:59:00,45,26.233333333333334
2023/10/10 12:00:00,45.666666666666664,26.133333333333336
2023/10/10 12:01:00,46,26
2023/10/10 12:03:00,45.333333333333336,25.799999999999997
2023/10/10 12:04:00,46,25.866666666666664
2023/10/10 12:05:00,46.666666666666664,25.96666666666667
2023/10/10 12:06:00,47,26
2023/10/10 12:07:00,47,26.066666666666666
2023/10/10 12:08:00,47,26.066666666666666
2023/10/10 12:09:00,47,26.03333333333333
2023/10/10 12:10:00,46,26
2023/10/10 12:11:00,45,25.833333333333332
2023/10/10 12:12:00,45,25.766666666666666
2023/10/10 12:13:00,45,25.633333333333336
2023/10/10 12:14:00,45,25.600000000000005
2023/10/10 12:15:00,45,25.5
2023/10/10 12:16:00,45,25.366666666666664
2023/10/10 12:17:00,45,25.366666666666664
2023/10/10 12:18:00,45,25.433333333333334
2023/10/10 12:19:00,45,25.366666666666664
2023/10/10 12:20:00,44,25.399999999999995
2023/10/10 12:21:00,44,25.333333333333332
2023/10/10 12:22:00,44,25.3
2023/10/10 12:23:00,44,25.233333333333334
2023/10/10 12:24:00,44,25.2
2023/10/10 12:25:00,44,25.166666666666668
2023/10/10 12:26:00,44,25.100000000000005
2023/10/10 12:27:00,44,25.100000000000005
2023/10/10 12:28:00,44,25.066666666666666
2023/10/10 12:29:00,44,25.099999999999998
2023/10/10 12:30:00,43,25.066666666666666
2023/10/10 12:31:00,43,25.100000000000005
2023/10/10 12:32:00,43,25
2023/10/10 12:33:00,43,25.03333333333333
2023/10/10 12:34:00,43,25
2023/10/10 12:35:00,43,24.96666666666667
2023/10/10 12:36:00,43,24.899999999999995
2023/10/10 12:37:00,43,24.899999999999995
2023/10/10 12:38:00,43,24.899999999999995
2023/10/10 12:39:00,43,24.899999999999995
2023/10/10 12:40:00,42.666666666666664,24.899999999999995
2023/10/10 12:41:00,42,24.899999999999995
2023/10/10 12:42:00,42,24.899999999999995
2023/10/10 12:43:00,42,24.899999999999995
2023/10/10 12:44:00,42,24.899999999999995
2023/10/10 12:45:00,42,24.866666666666664
2023/10/10 12:46:00,42,24.733333333333334
2023/10/10 12:47:00,42,24.7
2023/10/10 12:48:00,42,24.7
2023/10/10 12:49:00,42,24.7
2023/10/10 12:50:00,41.666666666666664,24.7
2023/10/10 12:51:00,41.333333333333336,24.7
2023/10/10 12:52:00,41,24.733333333333334
2023/10/10 12:53:00,41,24.766666666666666
2023/10/10 12:54:00,41,24.7
2023/10/10 12:55:00,41,24.7
2023/10/10 12:56:00,41,24.7
2023/10/10 12:57:00,41,24.600000000000005
2023/10/10 12:58:00,41,24.600000000000005
2023/10/10 12:59:00,41,24.600000000000005
2023/10/10 13:00:00,41,24.600000000000005
2023/10/10 13:01:00,41,24.600000000000005
2023/10/10 13:02:00,40.666666666666664,24.600000000000005
2023/10/10 13:03:00,40.333333333333336,24.600000000000005
2023/10/10 13:04:00,40,24.600000000000005
2023/10/10 13:05:00,40,24.600000000000005
2023/10/10 13:06:00,40,24.566666666666666
2023/10/10 13:07:00,40,24.600000000000005
2023/10/10 13:08:00,40,24.53333333333333
2023/10/10 13:09:00,40,24.5
2023/10/10 13:10:00,40,24.5
2023/10/10 13:11:00,40,24.5
2023/10/10 13:12:00,40,24.5
2023/10/10 13:13:00,40,24.5
2023/10/10 13:14:00,40,24.53333333333333
2023/10/10 13:15:00,40,24.53333333333333
2023/10/10 13:16:00,39,24.600000000000005
2023/10/10 13:17:00,39,24.600000000000005
2023/10/10 13:18:00,39,24.733333333333334
2023/10/10 13:19:00,39,24.833333333333332
2023/10/10 13:20:00,39,24.899999999999995
2023/10/10 13:21:00,39,24.96666666666667
2023/10/10 13:22:00,38.666666666666664,25.03333333333333
2023/10/10 13:23:00,38,25.2
2023/10/10 13:24:00,38,25.233333333333334
2023/10/10 13:25:00,38,25.399999999999995
2023/10/10 13:26:00,38,25.5
2023/10/10 13:27:00,37.666666666666664,25.566666666666666
2023/10/10 13:28:00,37.333333333333336,25.7
2023/10/10 13:29:00,37,25.766666666666666
2023/10/10 13:30:00,37,25.833333333333332
2023/10/10 13:31:00,38,26.03333333333333
2023/10/10 13:32:00,38,26.100000000000005
2023/10/10 13:33:00,38,26.100000000000005
2023/10/10 13:34:00,38.666666666666664,26.2
2023/10/10 13:35:00,39,26.3
2023/10/10 13:36:00,39,26.366666666666664
2023/10/10 13:37:00,39,26.433333333333334
2023/10/10 13:38:00,39.666666666666664,26.5
2023/10/10 13:39:00,40,26.5
2023/10/10 13:40:00,40,26.5
2023/10/10 13:41:00,40.333333333333336,26.633333333333336
2023/10/10 13:42:00,41,26.7
2023/10/10 13:43:00,41,26.7
2023/10/10 13:44:00,41,26.7
2023/10/10 13:45:00,41.666666666666664,26.733333333333334
2023/10/10 13:46:00,42,26.8
2023/10/10 13:47:00,42,26.8
2023/10/10 13:48:00,42,26.8
2023/10/10 13:49:00,42,26.8
2023/10/10 13:50:00,43,26.833333333333332
2023/10/10 13:51:00,42.666666666666664,26.833333333333332
2023/10/10 13:52:00,42.666666666666664,26.8
2023/10/10 13:53:00,42,26.8
2023/10/10 13:54:00,42,26.8
2023/10/10 13:55:00,43,26.7
2023/10/10 13:56:00,43,26.600000000000005
2023/10/10 13:57:00,44,26.46666666666667
2023/10/10 13:58:00,44.333333333333336,26.366666666666664
2023/10/10 13:59:00,45,26.2
2023/10/10 14:00:00,46,26.100000000000005
2023/10/10 14:01:00,46,25.96666666666667
2023/10/10 14:02:00,46,25.8
2023/10/10 14:03:00,46.666666666666664,25.7
2023/10/10 14:04:00,47,25.53333333333333
2023/10/10 14:05:00,47.666666666666664,25.433333333333334
2023/10/10 14:06:00,48,25.3
2023/10/10 14:07:00,48.666666666666664,25.2
2023/10/10 14:08:00,49,25.133333333333336
2023/10/10 14:09:00,49.333333333333336,24.933333333333334
2023/10/10 14:10:00,50,24.899999999999995
2023/10/10 14:11:00,50,24.833333333333332
2023/10/10 14:12:00,51,24.733333333333334
2023/10/10 14:13:00,51,24.633333333333336
2023/10/10 14:14:00,51,24.53333333333333
2023/10/10 14:15:00,52,24.5
2023/10/10 14:16:00,52,24.433333333333334
2023/10/10 14:17:00,52,24.399999999999995
2023/10/10 14:18:00,52.666666666666664,24.3
2023/10/10 14:19:00,53,24.233333333333334
2023/10/10 14:20:00,53,24.133333333333336
2023/10/10 14:21:00,53,24.100000000000005
2023/10/10 14:22:00,54,24.066666666666666
2023/10/10 14:23:00,54,24
2023/10/10 14:24:00,54,23.933333333333334
2023/10/10 14:25:00,54,23.899999999999995
2023/10/10 14:26:00,55,23.833333333333332
2023/10/10 14:27:00,55,23.8
2023/10/10 14:28:00,55,23.766666666666666
2023/10/10 14:29:00,55,23.666666666666668
2023/10/10 14:30:00,55.333333333333336,23.600000000000005
2023/10/10 14:31:00,56,23.53333333333333
2023/10/10 14:32:00,56,23.5
2023/10/10 14:33:00,56,23.46666666666667
2023/10/10 14:34:00,56,23.400000000000002
2023/10/10 14:35:00,57,23.3
2023/10/10 14:36:00,57,23.3
2023/10/10 14:37:00,57,23.233333333333334
2023/10/10 14:38:00,57,23.2
2023/10/10 14:39:00,57,23.2
2023/10/10 14:40:00,57,23.2
2023/10/10 14:41:00,57,23.233333333333334
2023/10/10 14:42:00,57,23.3
2023/10/10 14:43:00,57,23.366666666666664
2023/10/10 14:44:00,57,23.46666666666667
2023/10/10 14:45:00,57,23.53333333333333
2023/10/10 14:46:00,57,23.600000000000005
2023/10/10 14:47:00,57,23.666666666666668
2023/10/10 14:48:00,57,23.7
2023/10/10 14:49:00,57,23.7
2023/10/10 14:50:00,57,23.7
2023/10/10 14:51:00,58,23.7
2023/10/10 14:52:00,57.333333333333336,23.666666666666668
2023/10/10 14:53:00,57,23.600000000000005
2023/10/10 14:54:00,57,23.53333333333333
2023/10/10 14:55:00,56.333333333333336,23.5
2023/10/10 14:56:00,56,23.5
2023/10/10 14:57:00,56,23.46666666666667
2023/10/10 14:58:00,56,23.46666666666667
2023/10/10 14:59:00,55.333333333333336,23.5
2023/10/10 15:00:00,55,23.5
2023/10/10 15:01:00,55,23.5
2023/10/10 15:02:00,54.666666666666664,23.5
2023/10/10 15:03:00,54,23.5
2023/10/10 15:04:00,54,23.5
2023/10/10 15:05:00,53.666666666666664,23.46666666666667
2023/10/10 15:06:00,53.666666666666664,23.433333333333334
2023/10/10 15:07:00,53,23.46666666666667
2023/10/10 15:08:00,53,23.5
2023/10/10 15:09:00,53,23.46666666666667
2023/10/10 15:10:00,52.666666666666664,23.566666666666666
2023/10/10 15:11:00,52,23.600000000000005
2023/10/10 15:12:00,52,23.633333333333336
2023/10/10 15:13:00,51.333333333333336,23.666666666666668
2023/10/10 15:14:00,51,23.633333333333336
2023/10/10 15:15:00,51,23.633333333333336
2023/10/10 15:16:00,51,23.53333333333333
2023/10/10 15:17:00,51,23.600000000000005
2023/10/10 15:18:00,50,23.53333333333333
2023/10/10 15:19:00,50,23.566666666666666
2023/10/10 15:20:00,50,23.600000000000005
2023/10/10 15:21:00,50,23.7
2023/10/10 15:22:00,49.666666666666664,23.733333333333334
2023/10/10 15:23:00,49,23.733333333333334
2023/10/10 15:24:00,49,23.7
2023/10/10 15:25:00,49,23.7
2023/10/10 15:26:00,49,23.7
2023/10/10 15:27:00,48.333333333333336,23.633333333333336
2023/10/10 15:28:00,48,23.600000000000005
2023/10/10 15:29:00,48,23.5
2023/10/10 15:30:00,48,23.53333333333333
2023/10/10 15:31:00,48,23.633333333333336
2023/10/10 15:32:00,48,23.633333333333336
2023/10/10 15:33:00,47.666666666666664,23.7
2023/10/10 15:34:00,47,23.7
2023/10/10 15:35:00,47,23.7
2023/10/10 15:36:00,47,23.7
2023/10/10 15:37:00,47,23.7
2023/10/10 15:38:00,47,23.566666666666666
2023/10/10 15:39:00,46.666666666666664,23.566666666666666
2023/10/10 15:40:00,46.333333333333336,23.5
2023/10/10 15:41:00,46,23.600000000000005
2023/10/10 15:42:00,46,23.633333333333336
2023/10/10 15:43:00,46,23.7
2023/10/10 15:44:00,46,23.7
2023/10/10 15:45:00,46,23.7
2023/10/10 15:46:00,45.666666666666664,23.7
2023/10/10 15:47:00,45,23.7
2023/10/10 15:48:00,45,23.666666666666668
2023/10/10 15:49:00,45,23.600000000000005
2023/10/10 15:50:00,45,23.5
2023/10/10 15:51:00,45,23.5
2023/10/10 15:52:00,45,23.5
2023/10/10 15:53:00,45,23.5
2023/10/10 15:54:00,45,23.600000000000005
2023/10/10 15:55:00,44,23.666666666666668
2023/10/10 15:56:00,44,23.7
2023/10/10 15:57:00,45,23.7
2023/10/10 15:58:00,45,23.7
2023/10/10 15:59:00,45,23.633333333333336
2023/10/10 16:00:00,45,23.53333333333333
2023/10/10 16:01:00,44.333333333333336,23.5
2023/10/10 16:02:00,44.666666666666664,23.5
2023/10/10 16:03:00,45,23.5
2023/10/10 16:04:00,45,23.5
2023/10/10 16:05:00,44.666666666666664,23.5
2023/10/10 16:06:00,44,23.5
2023/10/10 16:07:00,44.333333333333336,23.5
2023/10/10 16:08:00,45,23.5
2023/10/10 16:09:00,44.333333333333336,23.5
2023/10/10 16:10:00,44,23.5
2023/10/10 16:11:00,44.666666666666664,23.399999999999995
2023/10/10 16:12:00,45,23.399999999999995
2023/10/10 16:13:00,45,23.399999999999995
2023/10/10 16:14:00,45,23.399999999999995
2023/10/10 16:15:00,45,23.399999999999995
2023/10/10 16:16:00,45,23.399999999999995
2023/10/10 16:17:00,44.333333333333336,23.399999999999995
2023/10/10 16:18:00,44.333333333333336,23.366666666666664
2023/10/10 16:19:00,45,23.399999999999995
2023/10/10 16:20:00,45,23.399999999999995
2023/10/10 16:21:00,44.666666666666664,23.3
2023/10/10 16:22:00,44,23.266666666666666
2023/10/10 16:23:00,44.333333333333336,23.2
2023/10/10 16:24:00,45,23.2
2023/10/10 16:25:00,45,23.2
2023/10/10 16:26:00,45,23.2
2023/10/10 16:27:00,45,23.2
2023/10/10 16:28:00,44.666666666666664,23.2
2023/10/10 16:29:00,44,23.233333333333334
2023/10/10 16:30:00,44,23.233333333333334
2023/10/10 16:31:00,45,23.2
2023/10/10 16:32:00,45,23.2
2023/10/10 16:33:00,45,23.100000000000005
2023/10/10 16:34:00,44.666666666666664,23.100000000000005
2023/10/10 16:35:00,44,23.066666666666666
2023/10/10 16:36:00,44.666666666666664,23
2023/10/10 16:37:00,45,23.100000000000005
2023/10/10 16:38:00,44.333333333333336,23.100000000000005
2023/10/10 16:39:00,44,23.100000000000005
2023/10/10 16:40:00,44,23.100000000000005
2023/10/10 16:41:00,44.333333333333336,23.100000000000005
2023/10/10 16:42:00,45,23.100000000000005
2023/10/10 16:43:00,45,23.100000000000005
2023/10/10 16:44:00,45,23.100000000000005
2023/10/10 16:45:00,44.666666666666664,23.03333333333333
2023/10/10 16:46:00,44,23
2023/10/10 16:47:00,44.666666666666664,23
2023/10/10 16:48:00,45,23
2023/10/10 16:49:00,45,23.066666666666666
2023/10/10 16:50:00,45,23.100000000000005
2023/10/10 16:51:00,45,23.100000000000005
2023/10/10 16:52:00,44,23.066666666666666
2023/10/10 16:53:00,44,23
2023/10/10 16:54:00,44.666666666666664,23
2023/10/10 16:55:00,45,23
2023/10/10 16:56:00,45,23
2023/10/10 16:57:00,45,23
2023/10/10 16:58:00,45,23
2023/10/10 16:59:00,44.666666666666664,23
2023/10/10 17:00:00,44,23
2023/10/10 17:01:00,44,23
2023/10/10 17:02:00,45,23
2023/10/10 17:03:00,45,23
2023/10/10 17:04:00,44.666666666666664,23
2023/10/10 17:05:00,44.666666666666664,22.933333333333334
2023/10/10 17:06:00,45,22.933333333333334
2023/10/10 17:07:00,45,23
2023/10/10 17:08:00,44.333333333333336,23
2023/10/10 17:09:00,44,23.100000000000005
2023/10/10 17:10:00,44,23.133333333333336
2023/10/10 17:11:00,44,23.266666666666666
2023/10/10 17:12:00,44.333333333333336,23.366666666666664
2023/10/10 17:13:00,44,23.46666666666667
2023/10/10 17:14:00,44,23.600000000000005
2023/10/10 17:15:00,44,23.666666666666668
2023/10/10 17:16:00,44,23.8
2023/10/10 17:17:00,44,23.899999999999995
2023/10/10 17:18:00,44,24
2023/10/10 17:19:00,44,24.03333333333333
2023/10/10 17:20:00,44,24.100000000000005
2023/10/10 17:21:00,44,24.166666666666668
2023/10/10 17:22:00,44,24.233333333333334
2023/10/10 17:23:00,44.666666666666664,24.333333333333332
2023/10/10 17:24:00,45,24.399999999999995
2023/10/10 17:25:00,45,24.5
2023/10/10 17:26:00,45,24.5
2023/10/10 17:27:00,44.666666666666664,24.53333333333333
2023/10/10 17:28:00,44,24.600000000000005
2023/10/10 17:29:00,44,24.666666666666668
2023/10/10 17:30:00,44,24.733333333333334
2023/10/10 17:31:00,44,24.8
2023/10/10 17:32:00,44,24.899999999999995
2023/10/10 17:33:00,44,24.933333333333334
2023/10/10 17:34:00,44,25
2023/10/10 17:35:00,44,25.03333333333333
2023/10/10 17:36:00,44.333333333333336,25.100000000000005
2023/10/10 17:37:00,44,25.166666666666668
2023/10/10 17:38:00,45,25.2
2023/10/10 17:39:00,45,25.233333333333334
2023/10/10 17:40:00,45,25.3
2023/10/10 17:41:00,45,25.3
2023/10/10 17:42:00,45,25.433333333333334
2023/10/10 17:43:00,44.333333333333336,25.5
2023/10/10 17:44:00,44,25.5
2023/10/10 17:45:00,44,25.53333333333333
2023/10/10 17:46:00,44,25.600000000000005
2023/10/10 17:47:00,44,25.633333333333336
2023/10/10 17:48:00,44,25.7
2023/10/10 17:49:00,44,25.733333333333334
2023/10/10 17:50:00,44,25.8
2023/10/10 17:51:00,44.666666666666664,25.8
2023/10/10 17:52:00,45,25.8
2023/10/10 17:53:00,45,25.899999999999995
2023/10/10 17:54:00,45.666666666666664,25.96666666666667
2023/10/10 17:55:00,45.666666666666664,25.96666666666667
2023/10/10 17:56:00,46,26
2023/10/10 17:57:00,45,25.96666666666667
2023/10/10 17:58:00,45,26
2023/10/10 17:59:00,45,26
2023/10/10 18:00:00,45,26.03333333333333
2023/10/10 18:01:00,44.666666666666664,26.100000000000005
2023/10/10 18:02:00,44,26.166666666666668
2023/10/10 18:03:00,44,26.166666666666668
2023/10/10 18:04:00,44.333333333333336,26.2
2023/10/10 18:05:00,44,26.2
2023/10/10 18:06:00,45,26.3
2023/10/10 18:07:00,45,26.333333333333332
2023/10/10 18:08:00,45,26.3
2023/10/10 18:09:00,45,26.399999999999995
2023/10/10 18:10:00,45,26.46666666666667
2023/10/10 18:11:00,45,26.5
2023/10/10 18:12:00,45,26.5
2023/10/10 18:13:00,44,26.5
2023/10/10 18:14:00,44,26.5
2023/10/10 18:15:00,44,26.5
2023/10/10 18:16:00,44,26.53333333333333
2023/10/10 18:17:00,44,26.600000000000005
2023/10/10 18:18:00,44,26.666666666666668
2023/10/10 18:19:00,44.666666666666664,26.7
2023/10/10 18:20:00,45,26.7
2023/10/10 18:21:00,45,26.7
2023/10/10 18:22:00,45,26.733333333333334
2023/10/10 18:23:00,45,26.766666666666666
2023/10/10 18:24:00,45,26.8
2023/10/10 18:25:00,44.666666666666664,26.8
2023/10/10 18:26:00,44,26.8
2023/10/10 18:27:00,44.333333333333336,26.8
2023/10/10 18:28:00,44.666666666666664,26.8
2023/10/10 18:29:00,45,26.8
2023/10/10 18:30:00,45,26.8
2023/10/10 18:31:00,45,26.866666666666664
2023/10/10 18:32:00,45,26.899999999999995
2023/10/10 18:33:00,44.666666666666664,26.899999999999995
2023/10/10 18:34:00,44,26.899999999999995
2023/10/10 18:35:00,44,26.933333333333334
2023/10/10 18:36:00,44.333333333333336,27
2023/10/10 18:37:00,45,27
2023/10/10 18:38:00,45,27
2023/10/10 18:39:00,45,27
2023/10/10 18:40:00,45,27
2023/10/10 18:41:00,44,27
2023/10/10 18:42:00,44,27
2023/10/10 18:43:00,44,27.066666666666666
2023/10/10 18:44:00,44,27.100000000000005
2023/10/10 18:45:00,44,27.100000000000005
2023/10/10 18:46:00,45,27.133333333333336
2023/10/10 18:47:00,45,27.133333333333336
2023/10/10 18:48:00,45,27.166666666666668
2023/10/10 18:49:00,45,27.2
2023/10/10 18:50:00,45,27.2
2023/10/10 18:51:00,45,27.2
2023/10/10 18:52:00,45,27.166666666666668
2023/10/10 18:53:00,45,27.2
2023/10/10 18:54:00,44,27.2
2023/10/10 18:55:00,44,27.2
2023/10/10 18:56:00,44,27.2
2023/10/10 18:57:00,44,27.2
2023/10/10 18:58:00,44.333333333333336,27.233333333333334
2023/10/10 18:59:00,45,27.233333333333334
2023/10/10 19:00:00,45,27.266666666666666
2023/10/10 19:01:00,45,27.266666666666666
2023/10/10 19:02:00,45,27.3
2023/10/10 19:03:00,45,27.3
2023/10/10 19:04:00,45,27.3
2023/10/10 19:05:00,44.666666666666664,27.2
2023/10/10 19:06:00,44,27.2
2023/10/10 19:07:00,44,27.133333333333336
2023/10/10 19:08:00,45,27.100000000000005
2023/10/10 19:09:00,45,27
2023/10/10 19:10:00,45,27
2023/10/10 19:11:00,45,27
2023/10/10 19:12:00,45,27
2023/10/10 19:13:00,45,26.933333333333334
2023/10/10 19:14:00,45,26.866666666666664
2023/10/10 19:15:00,45,26.833333333333332
2023/10/10 19:16:00,45,26.8
2023/10/10 19:17:00,45,26.8
2023/10/10 19:18:00,45,26.8
2023/10/10 19:19:00,44,26.8
2023/10/10 19:20:00,44,26.8
2023/10/10 19:21:00,44,26.8
2023/10/10 19:22:00,45,26.8
2023/10/10 19:23:00,45,26.8
2023/10/10 19:24:00,45,26.8
2023/10/10 19:25:00,45,26.833333333333332
2023/10/10 19:26:00,44.333333333333336,26.833333333333332
2023/10/10 19:27:00,44,26.8
2023/10/10 19:28:00,44,26.8
2023/10/10 19:29:00,45,26.833333333333332
2023/10/10 19:30:00,45,26.899999999999995
2023/10/10 19:31:00,45,26.899999999999995
2023/10/10 19:32:00,45,26.899999999999995
2023/10/10 19:33:00,45,26.899999999999995
2023/10/10 19:34:00,45,26.899999999999995
2023/10/10 19:35:00,45,26.866666666666664
2023/10/10 19:36:00,44.666666666666664,26.899999999999995
2023/10/10 19:37:00,44,26.899999999999995
2023/10/10 19:38:00,45,26.866666666666664
2023/10/10 19:39:00,45,26.899999999999995
2023/10/10 19:40:00,45,26.899999999999995
2023/10/10 19:41:00,45,27
2023/10/10 19:42:00,45,26.96666666666667
2023/10/10 19:43:00,45,27
2023/10/10 19:44:00,44.333333333333336,27
2023/10/10 19:45:00,44,27
2023/10/10 19:46:00,44,26.96666666666667
2023/10/10 19:47:00,45,27
2023/10/10 19:48:00,45,27
2023/10/10 19:49:00,45,27
2023/10/10 19:50:00,45,27.066666666666666
2023/10/10 19:51:00,45,27.03333333333333
2023/10/10 19:52:00,45,27.03333333333333
2023/10/10 19:53:00,45,27
2023/10/10 19:54:00,44.333333333333336,27
2023/10/10 19:55:00,44.333333333333336,27.066666666666666
2023/10/10 19:56:00,44.333333333333336,27.03333333333333
2023/10/10 19:57:00,45,27.066666666666666
2023/10/10 19:58:00,45,27.100000000000005
2023/10/10 19:59:00,45,27.166666666666668
2023/10/10 20:00:00,45,27.133333333333336
2023/10/10 20:01:00,44.666666666666664,27.166666666666668
2023/10/10 20:02:00,44.333333333333336,27.166666666666668
2023/10/10 20:03:00,44.333333333333336,27.166666666666668
2023/10/10 20:04:00,45,27.2
2023/10/10 20:05:00,45,27.166666666666668
2023/10/10 20:06:00,45,27.2
2023/10/10 20:07:00,45,27.2
2023/10/10 20:08:00,45,27.2
2023/10/10 20:09:00,44.333333333333336,27.2
2023/10/10 20:10:00,44,27.2
2023/10/10 20:11:00,44,27.2
2023/10/10 20:12:00,45,27.2
2023/10/10 20:13:00,45,27.233333333333334
2023/10/10 20:14:00,45,27.3
2023/10/10 20:15:00,45,27.3
2023/10/10 20:16:00,45,27.3
2023/10/10 20:17:00,45,27.3
2023/10/10 20:18:00,45,27.266666666666666
2023/10/10 20:19:00,44.333333333333336,27.3
2023/10/10 20:20:00,44,27.3
2023/10/10 20:21:00,44.666666666666664,27.266666666666666
2023/10/10 20:22:00,45,27.233333333333334
2023/10/10 20:23:00,45,27.266666666666666
2023/10/10 20:24:00,45,27.3
2023/10/10 20:25:00,45,27.2
2023/10/10 20:26:00,45,27.2
2023/10/10 20:27:00,44.666666666666664,27.133333333333336
2023/10/10 20:28:00,44.333333333333336,27.066666666666666
2023/10/10 20:29:00,45,27
2023/10/10 20:30:00,44.666666666666664,27
2023/10/10 20:31:00,45,27
2023/10/10 20:32:00,44.333333333333336,27
2023/10/10 20:33:00,44,27
2023/10/10 20:34:00,44.333333333333336,27
2023/10/10 20:35:00,45,27
2023/10/10 20:36:00,45,27
2023/10/10 20:37:00,45,26.96666666666667
2023/10/10 20:38:00,45,27
2023/10/10 20:39:00,45,27
2023/10/10 20:40:00,45,27
2023/10/10 20:41:00,44,27
2023/10/10 20:42:00,44,27
2023/10/10 20:43:00,44.333333333333336,27
2023/10/10 20:44:00,45,27
2023/10/10 20:45:00,45,27
2023/10/10 20:46:00,45,27.066666666666666
2023/10/10 20:47:00,45,27.100000000000005
2023/10/10 20:48:00,44.666666666666664,27.100000000000005
2023/10/10 20:49:00,44.333333333333336,27.100000000000005
2023/10/10 20:50:00,44.333333333333336,27.100000000000005
2023/10/10 20:51:00,45,27.166666666666668
2023/10/10 20:52:00,45,27.166666666666668
2023/10/10 20:53:00,45,27.166666666666668
2023/10/10 20:54:00,45,27.2
2023/10/10 20:55:00,45,27.2
2023/10/10 20:56:00,44,27.2
2023/10/10 20:57:00,44,27.2
2023/10/10 20:58:00,44,27.2
2023/10/10 20:59:00,45,27.2
2023/10/10 21:00:00,45,27.233333333333334
2023/10/10 21:01:00,45,27.3
2023/10/10 21:02:00,45,27.3
2023/10/10 21:03:00,45,27.3
2023/10/10 21:04:00,45,27.3
2023/10/10 21:05:00,44.666666666666664,27.233333333333334
2023/10/10 21:06:00,44,27.266666666666666
2023/10/10 21:07:00,44.333333333333336,27.2
2023/10/10 21:08:00,45,27.2
